[{"model": "admin.logentry", "pk": 1, "fields": {"action_time": "2021-02-25T15:29:33.815Z", "user": 3, "content_type": 7, "object_id": "1", "object_repr": "Box Scratcher", "action_flag": 1, "change_message": "[{\"added\": {}}]"}}, {"model": "admin.logentry", "pk": 2, "fields": {"action_time": "2021-02-25T15:30:49.697Z", "user": 3, "content_type": 7, "object_id": "2", "object_repr": "Tesla Model Y", "action_flag": 1, "change_message": "[{\"added\": {}}]"}}, {"model": "admin.logentry", "pk": 3, "fields": {"action_time": "2021-02-25T15:32:43.916Z", "user": 3, "content_type": 7, "object_id": "3", "object_repr": "Stels Navigator 630 D 26", "action_flag": 1, "change_message": "[{\"added\": {}}]"}}, {"model": "admin.logentry", "pk": 4, "fields": {"action_time": "2021-02-25T15:36:13.613Z", "user": 3, "content_type": 7, "object_id": "4", "object_repr": "Some", "action_flag": 1, "change_message": "[{\"added\": {}}]"}}, {"model": "admin.logentry", "pk": 5, "fields": {"action_time": "2021-02-25T15:37:17.417Z", "user": 3, "content_type": 7, "object_id": "4", "object_repr": "Some", "action_flag": 3, "change_message": ""}}, {"model": "admin.logentry", "pk": 6, "fields": {"action_time": "2021-02-25T15:38:14.266Z", "user": 3, "content_type": 7, "object_id": "5", "object_repr": "Just for Testing", "action_flag": 1, "change_message": "[{\"added\": {}}]"}}, {"model": "admin.logentry", "pk": 7, "fields": {"action_time": "2021-02-25T15:45:37.013Z", "user": 3, "content_type": 7, "object_id": "6", "object_repr": "test2", "action_flag": 1, "change_message": "[{\"added\": {}}]"}}, {"model": "admin.logentry", "pk": 8, "fields": {"action_time": "2021-02-25T15:46:23.656Z", "user": 3, "content_type": 7, "object_id": "7", "object_repr": "test3", "action_flag": 1, "change_message": "[{\"added\": {}}]"}}, {"model": "admin.logentry", "pk": 9, "fields": {"action_time": "2021-02-25T15:47:30.524Z", "user": 3, "content_type": 7, "object_id": "7", "object_repr": "test3", "action_flag": 3, "change_message": ""}}, {"model": "admin.logentry", "pk": 10, "fields": {"action_time": "2021-02-25T15:47:30.528Z", "user": 3, "content_type": 7, "object_id": "6", "object_repr": "test2", "action_flag": 3, "change_message": ""}}, {"model": "admin.logentry", "pk": 11, "fields": {"action_time": "2021-02-25T15:47:30.530Z", "user": 3, "content_type": 7, "object_id": "5", "object_repr": "Just for Testing", "action_flag": 3, "change_message": ""}}, {"model": "admin.logentry", "pk": 12, "fields": {"action_time": "2021-02-25T16:01:05.191Z", "user": 3, "content_type": 8, "object_id": "1", "object_repr": "Category 1", "action_flag": 1, "change_message": "[{\"added\": {}}]"}}, {"model": "admin.logentry", "pk": 13, "fields": {"action_time": "2021-02-25T16:06:56.366Z", "user": 3, "content_type": 7, "object_id": "1", "object_repr": "Box Scratcher", "action_flag": 2, "change_message": "[{\"changed\": {\"fields\": [\"Category\"]}}]"}}, {"model": "admin.logentry", "pk": 14, "fields": {"action_time": "2021-02-25T16:07:21.657Z", "user": 3, "content_type": 8, "object_id": "1", "object_repr": "Snowboards", "action_flag": 2, "change_message": "[{\"changed\": {\"fields\": [\"Title\"]}}]"}}, {"model": "admin.logentry", "pk": 15, "fields": {"action_time": "2021-02-25T16:07:29.648Z", "user": 3, "content_type": 8, "object_id": "2", "object_repr": "Cars", "action_flag": 1, "change_message": "[{\"added\": {}}]"}}, {"model": "admin.logentry", "pk": 16, "fields": {"action_time": "2021-02-25T16:07:53.157Z", "user": 3, "content_type": 8, "object_id": "3", "object_repr": "Bikes", "action_flag": 1, "change_message": "[{\"added\": {}}]"}}, {"model": "admin.logentry", "pk": 17, "fields": {"action_time": "2021-02-25T16:08:00.449Z", "user": 3, "content_type": 7, "object_id": "2", "object_repr": "Tesla Model Y", "action_flag": 2, "change_message": "[{\"changed\": {\"fields\": [\"Category\"]}}]"}}, {"model": "admin.logentry", "pk": 18, "fields": {"action_time": "2021-02-25T16:08:04.745Z", "user": 3, "content_type": 7, "object_id": "3", "object_repr": "Stels Navigator 630 D 26", "action_flag": 2, "change_message": "[{\"changed\": {\"fields\": [\"Category\"]}}]"}}, {"model": "admin.logentry", "pk": 19, "fields": {"action_time": "2021-02-25T16:20:31.833Z", "user": 3, "content_type": 8, "object_id": "4", "object_repr": "No categories", "action_flag": 1, "change_message": "[{\"added\": {}}]"}}, {"model": "admin.logentry", "pk": 20, "fields": {"action_time": "2021-02-25T16:22:26.203Z", "user": 3, "content_type": 8, "object_id": "1", "object_repr": "Snowboards", "action_flag": 3, "change_message": ""}}, {"model": "admin.logentry", "pk": 21, "fields": {"action_time": "2021-02-25T16:22:34.701Z", "user": 3, "content_type": 8, "object_id": "4", "object_repr": "No categories", "action_flag": 3, "change_message": ""}}, {"model": "admin.logentry", "pk": 22, "fields": {"action_time": "2021-02-25T16:37:15.994Z", "user": 3, "content_type": 8, "object_id": "5", "object_repr": "Snowboards", "action_flag": 1, "change_message": "[{\"added\": {}}]"}}, {"model": "admin.logentry", "pk": 23, "fields": {"action_time": "2021-02-25T16:37:26.501Z", "user": 3, "content_type": 7, "object_id": "1", "object_repr": "Box Scratcher", "action_flag": 2, "change_message": "[{\"changed\": {\"fields\": [\"Category\"]}}]"}}, {"model": "admin.logentry", "pk": 24, "fields": {"action_time": "2021-02-25T16:37:44.120Z", "user": 3, "content_type": 8, "object_id": "6", "object_repr": "No category", "action_flag": 1, "change_message": "[{\"added\": {}}]"}}, {"model": "admin.logentry", "pk": 25, "fields": {"action_time": "2021-02-25T16:46:20.661Z", "user": 3, "content_type": 8, "object_id": "6", "object_repr": "No category", "action_flag": 3, "change_message": ""}}, {"model": "admin.logentry", "pk": 26, "fields": {"action_time": "2021-02-26T05:38:12.655Z", "user": 3, "content_type": 7, "object_id": "28", "object_repr": "Title #3", "action_flag": 1, "change_message": "[{\"added\": {}}]"}}, {"model": "admin.logentry", "pk": 27, "fields": {"action_time": "2021-02-26T05:41:19.811Z", "user": 3, "content_type": 7, "object_id": "29", "object_repr": "New", "action_flag": 1, "change_message": "[{\"added\": {}}]"}}, {"model": "admin.logentry", "pk": 28, "fields": {"action_time": "2021-02-26T05:41:48.064Z", "user": 3, "content_type": 7, "object_id": "8", "object_repr": "Test 1", "action_flag": 3, "change_message": ""}}, {"model": "admin.logentry", "pk": 29, "fields": {"action_time": "2021-02-26T05:41:48.068Z", "user": 3, "content_type": 7, "object_id": "9", "object_repr": "Test 2", "action_flag": 3, "change_message": ""}}, {"model": "admin.logentry", "pk": 30, "fields": {"action_time": "2021-02-26T05:41:48.070Z", "user": 3, "content_type": 7, "object_id": "10", "object_repr": "Test 3", "action_flag": 3, "change_message": ""}}, {"model": "admin.logentry", "pk": 31, "fields": {"action_time": "2021-02-26T05:41:48.073Z", "user": 3, "content_type": 7, "object_id": "11", "object_repr": "Test 4", "action_flag": 3, "change_message": ""}}, {"model": "admin.logentry", "pk": 32, "fields": {"action_time": "2021-02-26T05:41:48.075Z", "user": 3, "content_type": 7, "object_id": "12", "object_repr": "Test 5", "action_flag": 3, "change_message": ""}}, {"model": "admin.logentry", "pk": 33, "fields": {"action_time": "2021-02-26T05:41:48.078Z", "user": 3, "content_type": 7, "object_id": "13", "object_repr": "Test 6", "action_flag": 3, "change_message": ""}}, {"model": "admin.logentry", "pk": 34, "fields": {"action_time": "2021-02-26T05:41:48.081Z", "user": 3, "content_type": 7, "object_id": "14", "object_repr": "Test 7", "action_flag": 3, "change_message": ""}}, {"model": "admin.logentry", "pk": 35, "fields": {"action_time": "2021-02-26T05:41:48.083Z", "user": 3, "content_type": 7, "object_id": "15", "object_repr": "Test 8", "action_flag": 3, "change_message": ""}}, {"model": "admin.logentry", "pk": 36, "fields": {"action_time": "2021-02-26T05:41:48.086Z", "user": 3, "content_type": 7, "object_id": "16", "object_repr": "Test 9", "action_flag": 3, "change_message": ""}}, {"model": "admin.logentry", "pk": 37, "fields": {"action_time": "2021-02-26T05:41:48.088Z", "user": 3, "content_type": 7, "object_id": "17", "object_repr": "Test 10", "action_flag": 3, "change_message": ""}}, {"model": "admin.logentry", "pk": 38, "fields": {"action_time": "2021-02-26T05:41:48.091Z", "user": 3, "content_type": 7, "object_id": "18", "object_repr": "Test 11", "action_flag": 3, "change_message": ""}}, {"model": "admin.logentry", "pk": 39, "fields": {"action_time": "2021-02-26T05:41:48.093Z", "user": 3, "content_type": 7, "object_id": "19", "object_repr": "Test 12", "action_flag": 3, "change_message": ""}}, {"model": "admin.logentry", "pk": 40, "fields": {"action_time": "2021-02-26T05:41:48.096Z", "user": 3, "content_type": 7, "object_id": "20", "object_repr": "Test 13", "action_flag": 3, "change_message": ""}}, {"model": "admin.logentry", "pk": 41, "fields": {"action_time": "2021-02-26T05:41:48.098Z", "user": 3, "content_type": 7, "object_id": "21", "object_repr": "Test 14", "action_flag": 3, "change_message": ""}}, {"model": "admin.logentry", "pk": 42, "fields": {"action_time": "2021-02-26T05:41:48.101Z", "user": 3, "content_type": 7, "object_id": "22", "object_repr": "Test 15", "action_flag": 3, "change_message": ""}}, {"model": "admin.logentry", "pk": 43, "fields": {"action_time": "2021-02-26T05:41:48.103Z", "user": 3, "content_type": 7, "object_id": "23", "object_repr": "Test 16", "action_flag": 3, "change_message": ""}}, {"model": "admin.logentry", "pk": 44, "fields": {"action_time": "2021-02-26T05:41:48.106Z", "user": 3, "content_type": 7, "object_id": "24", "object_repr": "Test 17", "action_flag": 3, "change_message": ""}}, {"model": "admin.logentry", "pk": 45, "fields": {"action_time": "2021-02-26T05:41:48.109Z", "user": 3, "content_type": 7, "object_id": "25", "object_repr": "Test 18", "action_flag": 3, "change_message": ""}}, {"model": "admin.logentry", "pk": 46, "fields": {"action_time": "2021-02-26T05:41:48.111Z", "user": 3, "content_type": 7, "object_id": "26", "object_repr": "Test 19", "action_flag": 3, "change_message": ""}}, {"model": "admin.logentry", "pk": 47, "fields": {"action_time": "2021-02-26T05:41:48.114Z", "user": 3, "content_type": 7, "object_id": "27", "object_repr": "Test 20", "action_flag": 3, "change_message": ""}}, {"model": "admin.logentry", "pk": 48, "fields": {"action_time": "2021-02-26T05:41:48.116Z", "user": 3, "content_type": 7, "object_id": "28", "object_repr": "Title #3", "action_flag": 3, "change_message": ""}}, {"model": "admin.logentry", "pk": 49, "fields": {"action_time": "2021-02-26T05:41:48.119Z", "user": 3, "content_type": 7, "object_id": "29", "object_repr": "New", "action_flag": 3, "change_message": ""}}, {"model": "admin.logentry", "pk": 50, "fields": {"action_time": "2021-02-26T05:44:51.389Z", "user": 3, "content_type": 7, "object_id": "30", "object_repr": "BMW X1", "action_flag": 1, "change_message": "[{\"added\": {}}]"}}, {"model": "admin.logentry", "pk": 51, "fields": {"action_time": "2021-02-26T05:49:06.338Z", "user": 3, "content_type": 7, "object_id": "31", "object_repr": "Toyota Corolla", "action_flag": 1, "change_message": "[{\"added\": {}}]"}}, {"model": "admin.logentry", "pk": 52, "fields": {"action_time": "2021-02-26T05:54:04.409Z", "user": 3, "content_type": 7, "object_id": "1", "object_repr": "Box Scratcher", "action_flag": 3, "change_message": ""}}, {"model": "admin.logentry", "pk": 53, "fields": {"action_time": "2021-02-26T05:55:47.178Z", "user": 3, "content_type": 8, "object_id": "7", "object_repr": "Smartphones", "action_flag": 1, "change_message": "[{\"added\": {}}]"}}, {"model": "admin.logentry", "pk": 54, "fields": {"action_time": "2021-02-26T05:55:49.414Z", "user": 3, "content_type": 7, "object_id": "32", "object_repr": "Смартфон Apple iPhone 11 64GB Small Box", "action_flag": 1, "change_message": "[{\"added\": {}}]"}}, {"model": "admin.logentry", "pk": 55, "fields": {"action_time": "2021-02-26T05:55:57.469Z", "user": 3, "content_type": 7, "object_id": "32", "object_repr": "Apple iPhone 11 64GB Small Box", "action_flag": 2, "change_message": "[{\"changed\": {\"fields\": [\"Title\"]}}]"}}, {"model": "admin.logentry", "pk": 56, "fields": {"action_time": "2021-02-26T05:57:06.604Z", "user": 3, "content_type": 7, "object_id": "33", "object_repr": "Apple iPhone 12 Pro 128GB", "action_flag": 1, "change_message": "[{\"added\": {}}]"}}, {"model": "admin.logentry", "pk": 57, "fields": {"action_time": "2021-02-26T05:58:50.071Z", "user": 3, "content_type": 8, "object_id": "7", "object_repr": "Smartphones", "action_flag": 2, "change_message": "[{\"added\": {\"name\": \"product\", \"object\": \"Xiaomi Redmi 9 (3+32) EU\"}}]"}}, {"model": "admin.logentry", "pk": 58, "fields": {"action_time": "2021-02-26T06:05:06.591Z", "user": 3, "content_type": 8, "object_id": "5", "object_repr": "Snowboards", "action_flag": 3, "change_message": ""}}, {"model": "admin.logentry", "pk": 59, "fields": {"action_time": "2021-02-26T06:05:40.050Z", "user": 3, "content_type": 8, "object_id": "3", "object_repr": "Bikes", "action_flag": 2, "change_message": "[{\"added\": {\"name\": \"product\", \"object\": \"Stevens 5X SX Gent\"}}]"}}, {"model": "admin.logentry", "pk": 60, "fields": {"action_time": "2021-02-26T06:07:31.834Z", "user": 3, "content_type": 8, "object_id": "3", "object_repr": "Bikes", "action_flag": 2, "change_message": "[{\"added\": {\"name\": \"product\", \"object\": \"Merida Mission J.Road / 2018\"}}]"}}, {"model": "admin.logentry", "pk": 61, "fields": {"action_time": "2021-02-26T06:10:18.831Z", "user": 3, "content_type": 8, "object_id": "8", "object_repr": "No category", "action_flag": 1, "change_message": "[{\"added\": {}}]"}}, {"model": "auth.permission", "pk": 1, "fields": {"name": "Can add log entry", "content_type": 1, "codename": "add_logentry"}}, {"model": "auth.permission", "pk": 2, "fields": {"name": "Can change log entry", "content_type": 1, "codename": "change_logentry"}}, {"model": "auth.permission", "pk": 3, "fields": {"name": "Can delete log entry", "content_type": 1, "codename": "delete_logentry"}}, {"model": "auth.permission", "pk": 4, "fields": {"name": "Can view log entry", "content_type": 1, "codename": "view_logentry"}}, {"model": "auth.permission", "pk": 5, "fields": {"name": "Can add permission", "content_type": 2, "codename": "add_permission"}}, {"model": "auth.permission", "pk": 6, "fields": {"name": "Can change permission", "content_type": 2, "codename": "change_permission"}}, {"model": "auth.permission", "pk": 7, "fields": {"name": "Can delete permission", "content_type": 2, "codename": "delete_permission"}}, {"model": "auth.permission", "pk": 8, "fields": {"name": "Can view permission", "content_type": 2, "codename": "view_permission"}}, {"model": "auth.permission", "pk": 9, "fields": {"name": "Can add group", "content_type": 3, "codename": "add_group"}}, {"model": "auth.permission", "pk": 10, "fields": {"name": "Can change group", "content_type": 3, "codename": "change_group"}}, {"model": "auth.permission", "pk": 11, "fields": {"name": "Can delete group", "content_type": 3, "codename": "delete_group"}}, {"model": "auth.permission", "pk": 12, "fields": {"name": "Can view group", "content_type": 3, "codename": "view_group"}}, {"model": "auth.permission", "pk": 13, "fields": {"name": "Can add user", "content_type": 4, "codename": "add_user"}}, {"model": "auth.permission", "pk": 14, "fields": {"name": "Can change user", "content_type": 4, "codename": "change_user"}}, {"model": "auth.permission", "pk": 15, "fields": {"name": "Can delete user", "content_type": 4, "codename": "delete_user"}}, {"model": "auth.permission", "pk": 16, "fields": {"name": "Can view user", "content_type": 4, "codename": "view_user"}}, {"model": "auth.permission", "pk": 17, "fields": {"name": "Can add content type", "content_type": 5, "codename": "add_contenttype"}}, {"model": "auth.permission", "pk": 18, "fields": {"name": "Can change content type", "content_type": 5, "codename": "change_contenttype"}}, {"model": "auth.permission", "pk": 19, "fields": {"name": "Can delete content type", "content_type": 5, "codename": "delete_contenttype"}}, {"model": "auth.permission", "pk": 20, "fields": {"name": "Can view content type", "content_type": 5, "codename": "view_contenttype"}}, {"model": "auth.permission", "pk": 21, "fields": {"name": "Can add session", "content_type": 6, "codename": "add_session"}}, {"model": "auth.permission", "pk": 22, "fields": {"name": "Can change session", "content_type": 6, "codename": "change_session"}}, {"model": "auth.permission", "pk": 23, "fields": {"name": "Can delete session", "content_type": 6, "codename": "delete_session"}}, {"model": "auth.permission", "pk": 24, "fields": {"name": "Can view session", "content_type": 6, "codename": "view_session"}}, {"model": "auth.permission", "pk": 25, "fields": {"name": "Can add product", "content_type": 7, "codename": "add_product"}}, {"model": "auth.permission", "pk": 26, "fields": {"name": "Can change product", "content_type": 7, "codename": "change_product"}}, {"model": "auth.permission", "pk": 27, "fields": {"name": "Can delete product", "content_type": 7, "codename": "delete_product"}}, {"model": "auth.permission", "pk": 28, "fields": {"name": "Can view product", "content_type": 7, "codename": "view_product"}}, {"model": "auth.permission", "pk": 29, "fields": {"name": "Can add category", "content_type": 8, "codename": "add_category"}}, {"model": "auth.permission", "pk": 30, "fields": {"name": "Can change category", "content_type": 8, "codename": "change_category"}}, {"model": "auth.permission", "pk": 31, "fields": {"name": "Can delete category", "content_type": 8, "codename": "delete_category"}}, {"model": "auth.permission", "pk": 32, "fields": {"name": "Can view category", "content_type": 8, "codename": "view_category"}}, {"model": "auth.user", "pk": 1, "fields": {"password": "pbkdf2_sha256$216000$59M2fsHQ72VO$wLQFbi0+4YJAyEOs8/pSMforhruLJ5bcvERKzqswvFs=", "last_login": null, "is_superuser": false, "username": "", "first_name": "", "last_name": "", "email": "eldar.djorobekov@gmail.com", "is_staff": false, "is_active": true, "date_joined": "2021-02-25T07:38:18.712Z", "groups": [], "user_permissions": []}}, {"model": "auth.user", "pk": 3, "fields": {"password": "pbkdf2_sha256$216000$7FZUPEngWaXv$T02Pho06WG9FAWUssHRhpibVR67aXRbGqEJtBjPBKhM=", "last_login": "2021-02-26T06:45:33.428Z", "is_superuser": true, "username": "admin", "first_name": "Eldar", "last_name": "Djorobekov", "email": "eldar.djorobekov@gmail.com", "is_staff": true, "is_active": true, "date_joined": "2021-02-25T07:48:55.129Z", "groups": [], "user_permissions": []}}, {"model": "contenttypes.contenttype", "pk": 1, "fields": {"app_label": "admin", "model": "logentry"}}, {"model": "contenttypes.contenttype", "pk": 2, "fields": {"app_label": "auth", "model": "permission"}}, {"model": "contenttypes.contenttype", "pk": 3, "fields": {"app_label": "auth", "model": "group"}}, {"model": "contenttypes.contenttype", "pk": 4, "fields": {"app_label": "auth", "model": "user"}}, {"model": "contenttypes.contenttype", "pk": 5, "fields": {"app_label": "contenttypes", "model": "contenttype"}}, {"model": "contenttypes.contenttype", "pk": 6, "fields": {"app_label": "sessions", "model": "session"}}, {"model": "contenttypes.contenttype", "pk": 7, "fields": {"app_label": "products", "model": "product"}}, {"model": "contenttypes.contenttype", "pk": 8, "fields": {"app_label": "products", "model": "category"}}, {"model": "sessions.session", "pk": "batjtzalzfotao3g7pv8mu04al6hv7r9", "fields": {"session_data": ".eJxVjMsOwiAQRf-FtSHDG1y69xsIMINUDU1KuzL-uzbpQrf3nHNfLKZtbXEbtMQJ2ZkpdvrdcioP6jvAe-q3mZe5r8uU-a7wgw5-nZGel8P9O2hptG9tMgbrFGGm6qXTQoMDWQXoIEBBEAoxWa1yKUHUDCJ58oaslTWAMsDeH80JNwc:1lFWsX:z_6VOmy0jzAXyAtK81a_IN0ZBzlnPc-ebfH7RodIV7k", "expire_date": "2021-03-12T06:45:33.431Z"}}, {"model": "sessions.session", "pk": "fpn2stuanm7vfk6a955r6gr0f7mogfmo", "fields": {"session_data": ".eJxVjMsOwiAQRf-FtSHDG1y69xsIMINUDU1KuzL-uzbpQrf3nHNfLKZtbXEbtMQJ2ZkpdvrdcioP6jvAe-q3mZe5r8uU-a7wgw5-nZGel8P9O2hptG9tMgbrFGGm6qXTQoMDWQXoIEBBEAoxWa1yKUHUDCJ58oaslTWAMsDeH80JNwc:1lFGn8:zs5Ae2ceAKQxnp6jE62JYXgxa7i2ebWbfCkLDzWJ07c", "expire_date": "2021-03-11T13:34:54.635Z"}}, {"model": "products.category", "pk": 2, "fields": {"title": "Cars", "slug": "cars"}}, {"model": "products.category", "pk": 3, "fields": {"title": "Bikes", "slug": "bikes"}}, {"model": "products.category", "pk": 7, "fields": {"title": "Smartphones", "slug": "smartphones"}}, {"model": "products.category", "pk": 8, "fields": {"title": "No category", "slug": "no-category"}}, {"model": "products.product", "pk": 2, "fields": {"image": "products/Tesla-Model-Y-Gear-Patrol-lead-full.jpg", "title": "Tesla Model Y", "price": "99999.99", "category": 2}}, {"model": "products.product", "pk": 3, "fields": {"image": "products/Stels_Navigator_630_D_26.jpg", "title": "Stels Navigator 630 D 26", "price": "500.00", "category": 3}}, {"model": "products.product", "pk": 30, "fields": {"image": "products/bmw.png", "title": "BMW X1", "price": "32000.00", "category": 2}}, {"model": "products.product", "pk": 31, "fields": {"image": "products/toyota-corolla.png", "title": "Toyota Corolla", "price": "12000.00", "category": 2}}, {"model": "products.product", "pk": 32, "fields": {"image": "products/iphone.jpg", "title": "Apple iPhone 11 64GB Small Box", "price": "800.00", "category": 7}}, {"model": "products.product", "pk": 33, "fields": {"image": "products/iphone_pro.png", "title": "Apple iPhone 12 Pro 128GB", "price": "1100.00", "category": 7}}, {"model": "products.product", "pk": 34, "fields": {"image": "products/xiaomi.jpg", "title": "Xiaomi Redmi 9 (3+32) EU", "price": "300.00", "category": 7}}, {"model": "products.product", "pk": 35, "fields": {"image": "products/Stevens_5X_SX_Gent.jpg", "title": "Stevens 5X SX Gent", "price": "900.00", "category": 3}}, {"model": "products.product", "pk": 36, "fields": {"image": "products/merida_fAPar0a.jpg", "title": "Merida Mission J.Road / 2018", "price": "700.00", "category": 3}}, {"model": "products.product", "pk": 37, "fields": {"image": "products/default.jpg", "title": "Test1", "price": "41498.00", "category": 8}}, {"model": "products.product", "pk": 38, "fields": {"image": "products/default.jpg", "title": "Test2", "price": "12152.00", "category": 8}}, {"model": "products.product", "pk": 39, "fields": {"image": "products/default.jpg", "title": "Test3", "price": "75474.00", "category": 8}}, {"model": "products.product", "pk": 40, "fields": {"image": "products/default.jpg", "title": "Test4", "price": "84326.00", "category": 8}}, {"model": "products.product", "pk": 41, "fields": {"image": "products/default.jpg", "title": "Test5", "price": "91380.00", "category": 8}}, {"model": "products.product", "pk": 42, "fields": {"image": "products/default.jpg", "title": "Test6", "price": "11310.00", "category": 8}}, {"model": "products.product", "pk": 43, "fields": {"image": "products/default.jpg", "title": "Test7", "price": "75058.00", "category": 8}}, {"model": "products.product", "pk": 44, "fields": {"image": "products/default.jpg", "title": "Test8", "price": "30686.00", "category": 8}}, {"model": "products.product", "pk": 45, "fields": {"image": "products/default.jpg", "title": "Test9", "price": "85725.00", "category": 8}}, {"model": "products.product", "pk": 46, "fields": {"image": "products/default.jpg", "title": "Test10", "price": "61333.00", "category": 8}}, {"model": "products.product", "pk": 47, "fields": {"image": "products/default.jpg", "title": "Test11", "price": "78389.00", "category": 8}}, {"model": "products.product", "pk": 48, "fields": {"image": "products/default.jpg", "title": "Test12", "price": "52129.00", "category": 8}}, {"model": "products.product", "pk": 49, "fields": {"image": "products/default.jpg", "title": "Test13", "price": "56978.00", "category": 8}}, {"model": "products.product", "pk": 50, "fields": {"image": "products/default.jpg", "title": "Test14", "price": "83039.00", "category": 8}}, {"model": "products.product", "pk": 51, "fields": {"image": "products/default.jpg", "title": "Test15", "price": "62140.00", "category": 8}}, {"model": "products.product", "pk": 52, "fields": {"image": "products/default.jpg", "title": "Test16", "price": "97296.00", "category": 8}}, {"model": "products.product", "pk": 53, "fields": {"image": "products/default.jpg", "title": "Test17", "price": "90026.00", "category": 8}}, {"model": "products.product", "pk": 54, "fields": {"image": "products/default.jpg", "title": "Test18", "price": "82624.00", "category": 8}}, {"model": "products.product", "pk": 55, "fields": {"image": "products/default.jpg", "title": "Test19", "price": "45510.00", "category": 8}}, {"model": "products.product", "pk": 56, "fields": {"image": "products/default.jpg", "title": "Test20", "price": "25315.00", "category": 8}}, {"model": "products.product", "pk": 57, "fields": {"image": "products/default.jpg", "title": "Test21", "price": "87769.00", "category": 8}}, {"model": "products.product", "pk": 58, "fields": {"image": "products/default.jpg", "title": "Test22", "price": "66844.00", "category": 8}}, {"model": "products.product", "pk": 59, "fields": {"image": "products/default.jpg", "title": "Test23", "price": "93843.00", "category": 8}}, {"model": "products.product", "pk": 60, "fields": {"image": "products/default.jpg", "title": "Test24", "price": "64694.00", "category": 8}}, {"model": "products.product", "pk": 61, "fields": {"image": "products/default.jpg", "title": "Test25", "price": "63483.00", "category": 8}}, {"model": "products.product", "pk": 62, "fields": {"image": "products/default.jpg", "title": "Test26", "price": "38768.00", "category": 8}}, {"model": "products.product", "pk": 63, "fields": {"image": "products/default.jpg", "title": "Test27", "price": "37082.00", "category": 8}}, {"model": "products.product", "pk": 64, "fields": {"image": "products/default.jpg", "title": "Test28", "price": "70955.00", "category": 8}}, {"model": "products.product", "pk": 65, "fields": {"image": "products/default.jpg", "title": "Test29", "price": "18598.00", "category": 8}}, {"model": "products.product", "pk": 66, "fields": {"image": "products/default.jpg", "title": "Test30", "price": "39146.00", "category": 8}}, {"model": "products.product", "pk": 67, "fields": {"image": "products/default.jpg", "title": "Test31", "price": "78235.00", "category": 8}}, {"model": "products.product", "pk": 68, "fields": {"image": "products/default.jpg", "title": "Test32", "price": "48899.00", "category": 8}}, {"model": "products.product", "pk": 69, "fields": {"image": "products/default.jpg", "title": "Test33", "price": "40944.00", "category": 8}}, {"model": "products.product", "pk": 70, "fields": {"image": "products/default.jpg", "title": "Test34", "price": "52218.00", "category": 8}}, {"model": "products.product", "pk": 71, "fields": {"image": "products/default.jpg", "title": "Test35", "price": "63425.00", "category": 8}}, {"model": "products.product", "pk": 72, "fields": {"image": "products/default.jpg", "title": "Test36", "price": "66252.00", "category": 8}}, {"model": "products.product", "pk": 73, "fields": {"image": "products/default.jpg", "title": "Test37", "price": "96537.00", "category": 8}}, {"model": "products.product", "pk": 74, "fields": {"image": "products/default.jpg", "title": "Test38", "price": "99548.00", "category": 8}}, {"model": "products.product", "pk": 75, "fields": {"image": "products/default.jpg", "title": "Test39", "price": "66012.00", "category": 8}}, {"model": "products.product", "pk": 76, "fields": {"image": "products/default.jpg", "title": "Test40", "price": "83084.00", "category": 8}}, {"model": "products.product", "pk": 77, "fields": {"image": "products/default.jpg", "title": "Test41", "price": "63358.00", "category": 8}}, {"model": "products.product", "pk": 78, "fields": {"image": "products/default.jpg", "title": "Test42", "price": "48912.00", "category": 8}}, {"model": "products.product", "pk": 79, "fields": {"image": "products/default.jpg", "title": "Test43", "price": "1987.00", "category": 8}}, {"model": "products.product", "pk": 80, "fields": {"image": "products/default.jpg", "title": "Test44", "price": "26650.00", "category": 8}}, {"model": "products.product", "pk": 81, "fields": {"image": "products/default.jpg", "title": "Test45", "price": "64557.00", "category": 8}}, {"model": "products.product", "pk": 82, "fields": {"image": "products/default.jpg", "title": "Test46", "price": "23761.00", "category": 8}}, {"model": "products.product", "pk": 83, "fields": {"image": "products/default.jpg", "title": "Test47", "price": "12587.00", "category": 8}}, {"model": "products.product", "pk": 84, "fields": {"image": "products/default.jpg", "title": "Test48", "price": "27483.00", "category": 8}}, {"model": "products.product", "pk": 85, "fields": {"image": "products/default.jpg", "title": "Test49", "price": "64364.00", "category": 8}}, {"model": "products.product", "pk": 86, "fields": {"image": "products/default.jpg", "title": "Test50", "price": "73327.00", "category": 8}}]